1|ana|maria|anamaria15@gmail.com|anamaria15_AM
2|cristian|ionut|cristian_ionut@cs.ubbcluj.ro|Ionu504312
3|florin|matache|flori_flori@cs.ubbcluj.ro|floridori
4|ion|maruta|ion_maruta@gmail.com|ionmaruta
5|delia|elena|deliaelena_tap@outlook.com|deliukelenus
6|iustin|celu|justin_chelutzu@yahoo.com|Chelu555
7|alexandra|ioana|aleh@ceva.com|Ale.08.910
8|emanuela|toda|ema_puiulet@yahoo.com|EmaTodaPC
